{
    "LED_blue": "on",
    "LED_green": "on",
    "LED_red": "on",
    "LED_white": "off",
    "LED_yellow": "off",
    "am2302_humidity_pct": 65,
    "am2302_temp_in_c": 76,
    "bme280_altitude_in_m": 340,
    "bme280_humidity_pct": 45,
    "bme280_pressure_in_hpa": 900,
    "bme280_sea_level_pressure": 989,
    "bme280_temp_in_c": 32,
    "cpu_pct_utilization": 71,
    "cpu_temp_in_c": 100,
    "pir_motion_detected": false,
    "tcs34725_color_blue": 189,
    "tcs34725_color_clear": 0,
    "tcs34725_color_green": 192,
    "tcs34725_color_red": 255,
    "tcs34725_color_temp_k": "5578.79",
    "tcs34725_luminosity_lux": "81.93"
}